序号,目录项名称,URL,访问时间,响应时间(秒),状态
1,新人园地-通关宝典,https://zh3vobp856.feishu.cn/wiki/JPGPwwEBIirtlqkNF9gcIqYtn1f,2025-08-11 20:30:58,0.01,成功
1-1,新人需知,https://zh3vobp856.feishu.cn/wiki/Kj1iw97lRivmT9kOJRicLzAnnmb,2025-08-11 20:31:08,0.01,成功
1-2,新人办公小贴士,https://zh3vobp856.feishu.cn/wiki/BrNlwFEVFiehJVkJHX3cURtjnTg,2025-08-11 20:31:17,0.01,成功
1-2-1,飞书空间权限说明,https://zh3vobp856.feishu.cn/wiki/ZVRTwSEQvi9m6Nk5iJEcVsbgnhc,2025-08-11 20:31:29,0.01,成功
1-2-2,语雀空间权限说明,https://zh3vobp856.feishu.cn/wiki/BzHQwl5vzistJIkZE8kcXVWlndb,2025-08-11 20:31:38,0.01,成功
1-2-3,办公设备申请标准,https://zh3vobp856.feishu.cn/wiki/ULCLwYMfRiuQofk1TWdc15zFnCg,2025-08-11 20:31:46,0.02,成功
1-2-4,【绑定打印机】使用教程终（加域版）,https://zh3vobp856.feishu.cn/wiki/PxKrwxtX6iYXTXkcPgZcM7lsnwc,2025-08-11 20:31:56,0.01,成功
1-2-5,福利待遇,https://zh3vobp856.feishu.cn/wiki/KLluwKSlyiqhUkkJJ0xc1w0tnvc,2025-08-11 20:32:07,0.01,成功
1-2-6,FAQ,https://zh3vobp856.feishu.cn/wiki/Gnq1wnwEFi89jUkQhH6c7YkUnod,2025-08-11 20:32:15,0.01,成功
1-3,部门初相识,https://zh3vobp856.feishu.cn/wiki/KlfPwUEOmi0yNtkBKeEcKlF3nTh,2025-08-11 20:32:27,0.01,成功
1-4,新人学习文档,https://zh3vobp856.feishu.cn/wiki/Yw0NwPQtHiM33ukLTNIcGDa1noe,2025-08-11 20:32:36,0.01,成功
1-4-1,项目管理-新人手册,https://zh3vobp856.feishu.cn/wiki/XHHawsMNfiA08vkxgGBc8lD8nQb,2025-08-11 20:32:45,0.01,成功
